[{"zapSt":"1","naziv":"Ljubljanski grad","naslov":"Grajska planota 1, 1000 Ljubljana","zig":"V steklenem vstopnem paviljonu pred vhodom v Ljubljanski grad"},{"zapSt":"2","naziv":"Sv. Jakob nad Medvodami","naslov":"","zig":"V skrinjici na drevesu pri cerkvi Sv. Jakoba"},{"zapSt":"3","naziv":"Mihelčičev dom na Govejku","naslov":"Trnovec 10, 1215 Medvode ","zig":"V koči pri točilnem pultu"},{"zapSt":"4","naziv":"Malina pod Lubnikom","naslov":"Breznica pod Lubnikom 25, 4220 Škofja Loka ","zig":"V skrinjici na objektu pred vhodom "},{"zapSt":"5","naziv":"Koča na Blegošu","naslov":"Leskovica 32, 4224 Gorenja vas ","zig":"V koči pri točilnem pultu"},{"zapSt":"6","naziv":"Alpska perla na Črnem vrhu","naslov":"Gorenji Novaki 79, 5282 Cerkno","zig":"V objektu pri točilnem pultu"},{"zapSt":"7","naziv":"Koča na Poreznu","naslov":"Porezen 19, 5243 Podbrdo ","zig":"V skrinjici na zunanjosti koče"},{"zapSt":"8","naziv":"Koča na Petrovem Brdu","naslov":"Petrovo brdo 2b, 5243 Podbrdo","zig":"V skrinjici na zunanjosti koče"},{"zapSt":"9","naziv":"Soriška planina","naslov":"Turistični center Soriška planina d.o.o., Selca 86, 4227 Selca","zig":"Na recepciji Brunarice na Soriški planini"},{"zapSt":"10","naziv":"Bohinjska Bistrica","naslov":"Gostilna  Danica, Triglavska 60, 4264 Bohinjska Bistrica","zig":"V gostilni pri točilnem pultu"},{"zapSt":"11","naziv":"Spomenik 4 srčnim možem","naslov":"Ribčev laz 48, 4265 Bohinjsko jezero","zig":"V Turistično informativnem centru Bohinj"},{"zapSt":"12","naziv":"Planinska koča na Uskovnici","naslov":"Uskovnica, Srednja vas v Bohinju 137, 4267 Srednja vas v Bohinju","zig":"Pri vhodu v predprostoru koče"},{"zapSt":"13","naziv":"Goreljek","naslov":"Goreljek 103, 4247 Zgornje Gorje","zig":"V recepciji Šport hotela Pokljuka"},{"zapSt":"14","naziv":"Kovinarska koča v Krmi","naslov":"Radovna 19, 4247 Zgornje Gorje","zig":"V skrinjici na leseni stojnici"},{"zapSt":"15","naziv":"Slovenski planinski muzej","naslov":"Triglavska cesta 49, 4281 Mojstrana","zig":"Na recepciji muzeja"},{"zapSt":"16","naziv":"Spomenik Juretu Robiču","naslov":"Gozd Martuljek","zig":"Pri žičnici, ob kolesarski poti"},{"zapSt":"17","naziv":"Mihov dom na Vršiču","naslov":"Vršiška cesta 83, 4280 Kranjska Gora","zig":"V skrinjici pred vhodom na steni"},{"zapSt":"18","naziv":"Koča na Gozdu","naslov":"Vršiška cesta 86, 4280 Kranjska Gora","zig":"V skrinjici na koči"},{"zapSt":"19","naziv":"Poštarski dom na Vršiču","naslov":"Vršiška cesta 92, 4280 Kranjska Gora","zig":"V skrinjici na koči"},{"zapSt":"20","naziv":"Tičarjev dom na Vršiču","naslov":"Trenta 85, 5232 Soča","zig":"V skrinjici na koči"},{"zapSt":"21","naziv":"Koča pri izviru Soče","naslov":"Trenta 72, 5232 Soča","zig":"V skrinjici na severni strani koče"},{"zapSt":"22","naziv":"Dom Trenta","naslov":"Na Logu v Trenti, 5232 Soča","zig":"V Informacijskem centru TNP"},{"zapSt":"23","naziv":"Dom dr. Klementa Juga v Lepeni","naslov":"Lepena 17 a, 5232 Soča","zig":"V skrinjici na koči"},{"zapSt":"24","naziv":"Čezsoča","naslov":"Čezsoča 43, 5230 Bovec","zig":"v gostišču Vančar"},{"zapSt":"25","naziv":"Drežnica","naslov":"Drežnica 30, 5222 Kobarid","zig":"v gostišču Jelkin Hram"},{"zapSt":"26","naziv":"Koča na planini Kuhinja","naslov":"Krn 27, 5222 Kobarid","zig":"V skrinjici na koči"},{"zapSt":"27","naziv":"Javorca","naslov":"Javorca, Polog","zig":"Pri cerkvi na Javorci"},{"zapSt":"28","naziv":"Idrija pri Bači","naslov":"Idrija pri Bači 86, 5216 Most na Soči","zig":"Pri hotelu Zlata ribica"},{"zapSt":"29","naziv":"Črvov vrh","naslov":"TD Šentviška planota, Pečine 30b, Slap ob Idrijci","zig":"Na razgledni ploščadi na vrhu"},{"zapSt":"30","naziv":"Zakojca","naslov":"Turistična kmetija Pri Flandru Zakojca 1, 5282 Cerkno","zig":"Na turistični kmetiji Pri Flandru"},{"zapSt":"31","naziv":"Cerkno","naslov":"Hotel Cerkno, Sedejev trg 8, Cerkno","zig":"V recepciji hotela Cerkno"},{"zapSt":"32","naziv":"Koča na Mrzliku","naslov":"Javorjev Dol 18, 4225 Sovodenj ","zig":"v skrinjici na zunanjosti koče"},{"zapSt":"33","naziv":"Koča na Hleviški planini","naslov":"Čekovnik 35 a, 5280 Idrija ","zig":"V koči"},{"zapSt":"34","naziv":"Iztokova koča pod Golaki","naslov":"Predmeja 150, 5270 Ajdovščina ","zig":"V skrinjici na zunanjosti koče"},{"zapSt":"35","naziv":"Koča Edmunda Čibeja v Tihi dolini","naslov":"Predmeja 35 a, 5270 Ajdovščina","zig":"V skrinjici na skali pred kočo"},{"zapSt":"36","naziv":"MC Hiša mladih Ajdovščina","naslov":"Cesta IV. prekomorske 61, 5270 Ajdovščina","zig":"Žig je na zunanji steni ob vhodu v Hišo mladih (na nasprotni strani kot bar)"},{"zapSt":"37","naziv":"Štanjel","naslov":"Štanjel 1a, 6222 Štanjel","zig":"V Turistično informacijski pisarni"},{"zapSt":"38","naziv":"Stjenkova koča na Trstelju","naslov":"Lipa 46, 5296 Kostanjevica na Krasu ","zig":"V koči"},{"zapSt":"39","naziv":"Mladinski hotel Pliskovica","naslov":"Pliskovica 11, 6221 Dutovlje","zig":"Na recepciji mladinskega hotela"},{"zapSt":"40","naziv":"Lipica","naslov":"Lipica 5, 6210 Sežana","zig":"Na vstopni točki v kobilarno (prodajalna vstopnic)"},{"zapSt":"41","naziv":"Koča na Kokoši","naslov":"Lokev 300, 6219 Lokev ","zig":"V skrinjici na zunanjosti koče"},{"zapSt":"42","naziv":"Socerb","naslov":"Socerb 7, 6275 Črni Kal","zig":"Na grajskem zidu poleg žiga SPP"},{"zapSt":"43","naziv":"Tinjan","naslov":"Tinjan 45A, 6281 Škofije","zig":"V skrinjici na zidu pred cerkvijo Sv. Mihaela"},{"zapSt":"44","naziv":"Strunjan","naslov":"Strunjan 148, 6320 Portorož","zig":"Na recepciji hotela  Svoboda"},{"zapSt":"45","naziv":"Piran","naslov":"Stjenkova ulica 1, 6330 Piran","zig":"Na recepciji hotela  Piran"},{"zapSt":"46","naziv":"Sečoveljske soline","naslov":"Seča, 6320 Portorož","zig":"V Seči na vhodu v  krajinski park Sečoveljske soline"},{"zapSt":"47","naziv":"Marezige","naslov":"Marezige 24, 6273 Marezige","zig":"V gostilni Karjola"},{"zapSt":"48","naziv":"Hrastovlje","naslov":"Hrastovlje 53, 6275 Črni kal","zig":"V gostilni Švab"},{"zapSt":"49","naziv":"Tumova koča na Slavniku","naslov":"Podgorje 72, 6216 Podgorje","zig":"V skrinjici pod teraso  Tumove koče"},{"zapSt":"50","naziv":"Pregarje","naslov":"Pregarje 90, 6243 Obrov","zig":"V skrinjici na zidu pred objektom Pregarje 90"},{"zapSt":"51","naziv":"Velika Milanja","naslov":"Vrh Velike Milanje","zig":"V skrinjici, pritrjeni v tla ob stebru na vrhu Velike Milanje"},{"zapSt":"52","naziv":"Planinski dom na Sviščakih","naslov":"Sviščaki 1, 6250 Ilirska Bistrica","zig":"V planinskem domu"},{"zapSt":"53","naziv":"Mašun","naslov":"Mašun 1, 6253 Knežak","zig":"V Gostišču Mašun"},{"zapSt":"54","naziv":"Grad Snežnik","naslov":"Kozarišče 67, 1386 Stari trg pri Ložu","zig":"V Gradu Snežnik  "},{"zapSt":"55","naziv":"KTC Loški Potok (Hotel Hrib)","naslov":"Hrib 14, 1318 Loški Potok","zig":"Na recepciji KTC Loški Potok"},{"zapSt":"56","naziv":"Planinski dom na Kamnem griču","naslov":"Kamen grič","zig":"V predverju koče"},{"zapSt":"57","naziv":"Dom na Travni gori","naslov":"Travna gora 42, 1317 Sodražica","zig":"Na spodnji strani doma"},{"zapSt":"58","naziv":"Koča pri Jelenovem studencu","naslov":"Podgorska ulica 63, 1330 Kočevje","zig":"V koči pri vhodu"},{"zapSt":"59","naziv":"Rajhenav","naslov":"Rajhenav 1, 1330 Kočevje","zig":"Na kozolcu ob hiši"},{"zapSt":"60","naziv":"Planinski dom na Mirni gori","naslov":"Planina 6, 8333 Semič ","zig":"V skrinjici na zunanjosti koče"},{"zapSt":"61","naziv":"Podzemelj","naslov":"Škrilje 11, 8332 Gradac","zig":"Na recepciji kampa"},{"zapSt":"62","naziv":"Plan. dom pri Gospodični na Gorjancih","naslov":"Gospodična 10, 8321 Brusnice ","zig":""},{"zapSt":"63","naziv":"Trdinov vrh","naslov":"","zig":"V skrinjici na vrhu"},{"zapSt":"64","naziv":"Planina v Podbočju","naslov":"Planina 6, 8312 Podbočje","zig":"Na izletniški kmetiji Stipič"},{"zapSt":"65","naziv":"Brežice","naslov":"Gubčeva ulica 10a, 8250 Brežice.","zig":"V Mladinskem centru (hostlu) v grajskem parku"},{"zapSt":"66","naziv":"Zavetišče v Pečicah","naslov":"Pečice 0 N, 3257 Podsreda","zig":""},{"zapSt":"67","naziv":"Grad Podsreda","naslov":"Grad Podsreda, 3257 Podsreda","zig":""},{"zapSt":"68","naziv":"Koča na Bohorju","naslov":"Dobrova 59, 8281 Senovo ","zig":""},{"zapSt":"69","naziv":"Kozjanska domačija","naslov":"Ravno 13, 3324 Dobje pri Planini","zig":"Skrinjica na hiši"},{"zapSt":"70","naziv":"Planinski dom na Resevni","naslov":"Krajnčica 8, 3230 Šentjur ","zig":"Skrinjica na koči"},{"zapSt":"71","naziv":"Planinska postojanka na Sv. Uršuli","naslov":"Vodule 18, 3222 Dramlje","zig":"Skrinjica na koči"},{"zapSt":"72","naziv":"Koča na Klokočovniku","naslov":"Klokočovnik 52b, 3215 Loče","zig":"Skrinjica na koči"},{"zapSt":"73","naziv":"Ljubična gora","naslov":"","zig":"Skrinjica na hiši"},{"zapSt":"74","naziv":"Planinska koča Velikonočnica","naslov":"Drevenik, 3241 Podplat ","zig":"Skrinjica na koči"},{"zapSt":"75","naziv":"Planinski dom na Boču","naslov":"Drevenik 7, 3241 Podplat ","zig":"V domu"},{"zapSt":"76","naziv":"Rudijev dom pod Donačko goro","naslov":"Donačka gora 37/a, 3252 Rogatec","zig":"žig je v leseni skrinjici na domu"},{"zapSt":"77","naziv":"Gorišnica, Dominkova domačija","naslov":"Gorišnica 12","zig":"žig je v leseni skrinjici na oskrbni hiši Dominkove domačije"},{"zapSt":"78","naziv":"Polenšak, gostilna Šegula","naslov":"Polenci 41, Polenšak,","zig":"žig je v leseni skrinjici na gospodarskem poslopju ob gostilni"},{"zapSt":"79","naziv":"Sakušak, Puhov muzej","naslov":"Sakušak 83, Juršinci","zig":"žig je v leseni skrinjici pred muzejem"},{"zapSt":"80","naziv":"Sv. Trojica","naslov":"Sveta Trojica v Slovenskih goricah, Gostilna na Griču, Ulica Maksa Kavčiča 2","zig":"žig je v gostilni"},{"zapSt":"81","naziv":"Zavrh, Maistrov stolp ","naslov":"domačija Fanike Krajnc, Zavrh 95","zig":" žig je v kovinski skrinjici na garaži pred hišo"},{"zapSt":"82","naziv":"Hiša stare trte v Mariboru","naslov":"Zavod za turizem Maribor - Pohorje, Tkalski prehod 4, 2000 Maribor","zig":"V Hiši stare trte"},{"zapSt":"83","naziv":"Mariborska koča","naslov":"Slivniško Pohorje 24, 2208 Pohorje","zig":"V koči"},{"zapSt":"84","naziv":"Ruška koča","naslov":"Frajhajm 64, 2208 Pohorje","zig":"V koči"},{"zapSt":"85","naziv":"Dom na Osankarici","naslov":"Lukanja 19, 2317 Oplotnica","zig":"V koči, če je zaprto pa v skrinjici pred vrati"},{"zapSt":"86","naziv":"Koča na Pesku","naslov":"Lukanja 20, 2317 Oplotnica","zig":"V koči"},{"zapSt":"87","naziv":"Koča na Pesniku","naslov":"Hudi kot 28, 2364 Ribnica na Pohorju","zig":"Skrinjica na koči"},{"zapSt":"88","naziv":"Ribniška koča","naslov":"Hudi kot 24, 2364 Ribnica na Pohorju ","zig":"V koči"},{"zapSt":"89","naziv":"Grmovškov dom","naslov":"Razborca 31, 2382 Mislinja ","zig":"V koči"},{"zapSt":"90","naziv":"Koča Planinc","naslov":"Sv. Primož na Pohorju 41, 2367 Vuzenica","zig":"V koči, če je zaprto pa v skrinjici pred vrati"},{"zapSt":"91","naziv":"Pernice","naslov":"Pernice 24, 2366 Muta","zig":"V skrinjici PD Bricnik Muta na Zavetišču pri Knezu"},{"zapSt":"92","naziv":"Planinski dom Košenjak","naslov":"Goriški vrh 2 a, 2370 Dravograd","zig":"V koči"},{"zapSt":"93","naziv":"Poštarski dom pod Plešivcem","naslov":"Sele 34, 2380 Slovenj Gradec","zig":"V koči"},{"zapSt":"94","naziv":"Dom na Uršlji gori","naslov":"Jazbina 19, 2392 Črna na Koroškem","zig":"V koči"},{"zapSt":"95","naziv":"Koča na Naravskih ledinah","naslov":"Jazbina 16, 2392 Črna na Koroškem","zig":"V skrinjici pred kočo"},{"zapSt":"96","naziv":"Muzej Mežica","naslov":"Glančnik 8, 2392 Mežica","zig":"V skrinjici pred muzejem"},{"zapSt":"97","naziv":"Koča na Pikovem","naslov":"Podpeca 11, 2393 Črna na Koroškem","zig":"V skrinjici pred kočo"},{"zapSt":"98","naziv":"Dom na Peci","naslov":"Podpeca 79, 2392 Črna na Koroškem","zig":"V skrinjici pred kočo"},{"zapSt":"99","naziv":"Pri Kumru","naslov":"Koprivna 28, 2392 Črna na Koroškem","zig":"V domačiji "},{"zapSt":"100","naziv":"Podolševa","naslov":"Turistična kmetija Rogar, Podolševa 24, 3335 Solčava","zig":"V domačiji "},{"zapSt":"101","naziv":"Dom planincev v Logarski dolini","naslov":"Logarska Dolina 15a, 3335 Solčava","zig":"Dom ne obratuje, žig je v kočici na parkirišču pod slapom Rinka"},{"zapSt":"102","naziv":"Dom na Menini planini","naslov":"Menina 1,  3342 Gornji Grad","zig":"V koči"},{"zapSt":"103","naziv":"Trojane","naslov":"Trojane 27, 1222 Trojane","zig":"Na recepciji hotela"},{"zapSt":"104","naziv":"Dom Franca Goloba na Čem. planini","naslov":"Razbor 12, 1413 Čemšenik","zig":"V koči"},{"zapSt":"105","naziv":"Gostišče Planina","naslov":"Sveta Planina 46, 1420 Trbovlje","zig":"V gostišču"},{"zapSt":"106","naziv":"Planinski dom na Mrzlici","naslov":"Pongrac 125a, 3302 Griže","zig":"V koči"},{"zapSt":"107","naziv":"Planinski rudarski dom na Kalu","naslov":"Kal 11, 1431 Dol pri Hrastniku","zig":"V koči"},{"zapSt":"108","naziv":"Planinski dom v Gorah","naslov":"Gore 42, 1431 Dol pri Hhrastniku","zig":"V koči"},{"zapSt":"109","naziv":"Planinski dom na Kumu","naslov":"Ključevica 19, 1423 Dobovec","zig":"V koči"},{"zapSt":"110","naziv":"Grad Bogenšperk","naslov":"Javni zavod Bogenšperk\nBogenšperk 5\n1275 Šmartno pri Litiji","zig":"Pred vhodom v grad"},{"zapSt":"111","naziv":"Planinski dom na Jančah","naslov":"Janče 1, 1000 Ljubljana ","zig":"V koči za šankom"}]